{"Standing_Forward_Bend_pose_or_Uttanasana": {"l_wrist_ankle_shoulder": 57.47588769608259, "r_wrist_ankle_shoulder": 66.1897023142865, "l_elbow_shoulder_hip": 105.04013832841349, "r_elbow_shoulder_hip": 110.76284121308777, "l_hip_knee_ankle": 153.35794565528786, "r_hip_knee_ankle": 164.23947101606393}, "warrior_pose": {"l_wrist_ankle_shoulder": 26.03675596444077, "r_wrist_ankle_shoulder": 23.736131523799372, "l_elbow_shoulder_hip": 97.7163351201416, "r_elbow_shoulder_hip": 85.9159714320902, "l_hip_knee_ankle": 112.81010930644362, "r_hip_knee_ankle": 166.4705417182269}, "down_dog": {"l_wrist_ankle_shoulder": 30.200937458015588, "r_wrist_ankle_shoulder": 30.918952618593625, "l_elbow_shoulder_hip": 171.06992802954912, "r_elbow_shoulder_hip": 170.35703638231087, "l_hip_knee_ankle": 177.75303382185444, "r_hip_knee_ankle": 175.9937239007421}, "Legs-Up-the-Wall_Pose_or_Viparita_Karani": {"l_wrist_ankle_shoulder": 20.17897821065927, "r_wrist_ankle_shoulder": 21.406028497553493, "l_elbow_shoulder_hip": 77.22714796493736, "r_elbow_shoulder_hip": 50.28179805702377, "l_hip_knee_ankle": 171.24465337040994, "r_hip_knee_ankle": 168.4523550852445}, "Supported_Shoulderstand_pose_or_Salamba_Sarvangasana": {"l_wrist_ankle_shoulder": 14.188516927900361, "r_wrist_ankle_shoulder": 12.149115452340826, "l_elbow_shoulder_hip": 57.58041128976937, "r_elbow_shoulder_hip": 49.508566728938696, "l_hip_knee_ankle": 153.22535582166387, "r_hip_knee_ankle": 160.35430961411697}, "tree_pose": {"l_wrist_ankle_shoulder": 6.384867773366956, "r_wrist_ankle_shoulder": 14.201305119955878, "l_elbow_shoulder_hip": 49.31052253300152, "r_elbow_shoulder_hip": 35.21895617395816, "l_hip_knee_ankle": 174.0452471124671, "r_hip_knee_ankle": 32.59832370084193}, "Plank_Pose_or_Kumbhakasana": {"l_wrist_ankle_shoulder": 37.793332646882945, "r_wrist_ankle_shoulder": 36.3254680627462, "l_elbow_shoulder_hip": 62.08644440147452, "r_elbow_shoulder_hip": 61.79492441280114, "l_hip_knee_ankle": 168.38013155020528, "r_hip_knee_ankle": 166.86031836069088}, "Low_Lunge_pose_or_Anjaneyasana": {"l_wrist_ankle_shoulder": 19.703962016894756, "r_wrist_ankle_shoulder": 5.8130274607506465, "l_elbow_shoulder_hip": 163.92817688582605, "r_elbow_shoulder_hip": 162.37648030006417, "l_hip_knee_ankle": 141.17240262731934, "r_hip_knee_ankle": 76.30683650053363}, "goddess": {"l_wrist_ankle_shoulder": 16.74820599723216, "r_wrist_ankle_shoulder": 15.81058816099259, "l_elbow_shoulder_hip": 92.53063769273075, "r_elbow_shoulder_hip": 91.5720718365619, "l_hip_knee_ankle": 129.9417013204663, "r_hip_knee_ankle": 135.09516953073518}, "cobra_pose": {"l_wrist_ankle_shoulder": 31.458641597110915, "r_wrist_ankle_shoulder": 35.21521990194257, "l_elbow_shoulder_hip": 27.124800323705376, "r_elbow_shoulder_hip": 30.508207174429124, "l_hip_knee_ankle": 161.3152910534892, "r_hip_knee_ankle": 152.05635435012783}}